{
    "version": "1.0",
    "explanations": {
        "kernel_shap": {
            "label0": {
                "global_shap_values": {
                    "Account Length": 0.004813746528482859,
                    "VMail Message": 0.020158522334060704,
                    "Day Mins": 0.04082370934277461,
                    "Day Calls": 0.004923581136424608,
                    "Eve Mins": 0.015917857614331492,
                    "Eve Calls": 0.00450522285996902,
                    "Night Mins": 0.008338333241989017,
                    "Night Calls": 0.008373026166564454,
                    "Intl Mins": 0.008865287202692548,
                    "Intl Calls": 0.0097246133388709,
                    "CustServ Calls": 0.019588433107019274,
                    "State_AK": 0.0041731722779132195,
                    "State_AL": 0.004459316521511572,
                    "State_AR": 0.003714155176963665,
                    "State_AZ": 0.00449131395092388,
                    "State_CA": 0.004200860298281231,
                    "State_CO": 0.003663793754786386,
                    "State_CT": 0.004222615091962156,
                    "State_DC": 0.004864851735727121,
                    "State_DE": 0.003984249886730055,
                    "State_FL": 0.0038175175227468275,
                    "State_GA": 0.0037127596752352834,
                    "State_HI": 0.00424596469170582,
                    "State_IA": 0.0042455344545528845,
                    "State_ID": 0.003647410506968926,
                    "State_IL": 0.0037497747490837564,
                    "State_IN": 0.004223934082359072,
                    "State_KS": 0.004214299797089727,
                    "State_KY": 0.004031125018684497,
                    "State_LA": 0.0040672141213084516,
                    "State_MA": 0.0037410259057267794,
                    "State_MD": 0.0031535373615028503,
                    "State_ME": 0.004212500381999771,
                    "State_MI": 0.004070008307045724,
                    "State_MN": 0.004451801134865401,
                    "State_MO": 0.004325767910775442,
                    "State_MS": 0.0038920789480225097,
                    "State_MT": 0.003793311524084702,
                    "State_NC": 0.003945954983232911,
                    "State_ND": 0.004538836808546785,
                    "State_NE": 0.0042088352398543675,
                    "State_NH": 0.004576678390294744,
                    "State_NJ": 0.003981083325043737,
                    "State_NM": 0.004161368956067085,
                    "State_NV": 0.003977942858641737,
                    "State_NY": 0.003997546381592923,
                    "State_OH": 0.004054427687600052,
                    "State_OK": 0.004669743723089362,
                    "State_OR": 0.003854995857007356,
                    "State_PA": 0.004115598723843467,
                    "State_RI": 0.0037238029772701546,
                    "State_SC": 0.004172657254931155,
                    "State_SD": 0.004069473998784272,
                    "State_TN": 0.004103274358250872,
                    "State_TX": 0.004217192463748397,
                    "State_UT": 0.004054977965360717,
                    "State_VA": 0.004089054495471916,
                    "State_VT": 0.003943567454701064,
                    "State_WA": 0.004198085731450442,
                    "State_WI": 0.004005894623218016,
                    "State_WV": 0.003816236425267294,
                    "State_WY": 0.003949328226459815,
                    "Area Code_408": 0.00468365674015866,
                    "Area Code_415": 0.00416486279398397,
                    "Area Code_510": 0.004244904791061756,
                    "Int'l Plan_no": 0.013475528038682582,
                    "Int'l Plan_yes": 0.003989975357136117,
                    "VMail Plan_no": 0.004065018718383919,
                    "VMail Plan_yes": 0.005444108986615415
                },
                "expected_value": 0.006241238676011562
            }
        }
    }
}