{
  "version" : 0.0,
  "dataset" : {
    "item_count" : 201,
    "evaluation_time" : "2023-03-03T20:50:56.77Z"
  },
  "binary_classification_metrics" : {
    "confusion_matrix" : {
      "0" : {
        "0" : 173,
        "1" : 0
      },
      "1" : {
        "0" : 12,
        "1" : 16
      }
    },
    "recall" : {
      "value" : 0.5714285714285714,
      "standard_deviation" : 0.043823252986236454
    },
    "precision" : {
      "value" : 1.0,
      "standard_deviation" : 0.0
    },
    "accuracy" : {
      "value" : 0.9402985074626866,
      "standard_deviation" : 0.003896424035509014
    },
    "recall_best_constant_classifier" : {
      "value" : 0.0,
      "standard_deviation" : 0.0
    },
    "precision_best_constant_classifier" : {
      "value" : 0.0,
      "standard_deviation" : 0.0
    },
    "accuracy_best_constant_classifier" : {
      "value" : 0.8606965174129353,
      "standard_deviation" : 0.006953955025686406
    },
    "true_positive_rate" : {
      "value" : 0.5714285714285714,
      "standard_deviation" : 0.043823252986236454
    },
    "true_negative_rate" : {
      "value" : 1.0,
      "standard_deviation" : 0.0
    },
    "false_positive_rate" : {
      "value" : 0.0,
      "standard_deviation" : 0.0
    },
    "false_negative_rate" : {
      "value" : 0.4285714285714286,
      "standard_deviation" : 0.04382325298623649
    },
    "receiver_operating_characteristic_curve" : {
      "false_positive_rates" : [ 0.0, 0.0, 0.0, 0.0, 0.0, 0.0, 0.0, 0.0, 0.0, 0.0, 0.0, 0.0, 0.0, 0.0, 0.0, 0.0, 0.0, 0.0, 0.005780346820809248, 0.005780346820809248, 0.005780346820809248, 0.011560693641618497, 0.017341040462427744, 0.017341040462427744, 0.017341040462427744, 0.017341040462427744, 0.023121387283236993, 0.028901734104046242, 0.03468208092485549, 0.04046242774566474, 0.046242774566473986, 0.05202312138728324, 0.05202312138728324, 0.057803468208092484, 0.06358381502890173, 0.06358381502890173, 0.06936416184971098, 0.07514450867052024, 0.08092485549132948, 0.08670520231213873, 0.09248554913294797, 0.09826589595375723, 0.10404624277456648, 0.10982658959537572, 0.11560693641618497, 0.12138728323699421, 0.12716763005780346, 0.1329479768786127, 0.13872832369942195, 0.14450867052023122, 0.15028901734104047, 0.15606936416184972, 0.16184971098265896, 0.1676300578034682, 0.17341040462427745, 0.17341040462427745, 0.1791907514450867, 0.18497109826589594, 0.1907514450867052, 0.19653179190751446, 0.2023121387283237, 0.20809248554913296, 0.2138728323699422, 0.21965317919075145, 0.2254335260115607, 0.23121387283236994, 0.23699421965317918, 0.24277456647398843, 0.24855491329479767, 0.2543352601156069, 0.26011560693641617, 0.2658959537572254, 0.27167630057803466, 0.2774566473988439, 0.2774566473988439, 0.2832369942196532, 0.28901734104046245, 0.2947976878612717, 0.30057803468208094, 0.3063583815028902, 0.31213872832369943, 0.3179190751445087, 0.3236994219653179, 0.32947976878612717, 0.3352601156069364, 0.34104046242774566, 0.3468208092485549, 0.35260115606936415, 0.3583815028901734, 0.36416184971098264, 0.3699421965317919, 0.37572254335260113, 0.3815028901734104, 0.3872832369942196, 0.3930635838150289, 0.3988439306358382, 0.4046242774566474, 0.4046242774566474, 0.41040462427745666, 0.4161849710982659, 0.42196531791907516, 0.4277456647398844, 0.43352601156069365, 0.4393063583815029, 0.44508670520231214, 0.4508670520231214, 0.45664739884393063, 0.4624277456647399, 0.4682080924855491, 0.47398843930635837, 0.4797687861271676, 0.48554913294797686, 0.4913294797687861, 0.49710982658959535, 0.5028901734104047, 0.5086705202312138, 0.5144508670520231, 0.5202312138728323, 0.5260115606936416, 0.5317919075144508, 0.5375722543352601, 0.5433526011560693, 0.5491329479768786, 0.5549132947976878, 0.5606936416184971, 0.5664739884393064, 0.5722543352601156, 0.5780346820809249, 0.5838150289017341, 0.5895953757225434, 0.5953757225433526, 0.6011560693641619, 0.6069364161849711, 0.6127167630057804, 0.6184971098265896, 0.6242774566473989, 0.630057803468208, 0.6358381502890174, 0.6416184971098265, 0.6473988439306358, 0.653179190751445, 0.6589595375722543, 0.6589595375722543, 0.6647398843930635, 0.6705202312138728, 0.6763005780346821, 0.6820809248554913, 0.6878612716763006, 0.6936416184971098, 0.6994219653179191, 0.7052023121387283, 0.7109826589595376, 0.7167630057803468, 0.7225433526011561, 0.7283236994219653, 0.7341040462427746, 0.7398843930635838, 0.7456647398843931, 0.7514450867052023, 0.7572254335260116, 0.7630057803468208, 0.7687861271676301, 0.7745664739884393, 0.7803468208092486, 0.7861271676300579, 0.791907514450867, 0.7976878612716763, 0.8034682080924855, 0.8092485549132948, 0.815028901734104, 0.8208092485549133, 0.8265895953757225, 0.8323699421965318, 0.838150289017341, 0.8439306358381503, 0.8497109826589595, 0.8554913294797688, 0.861271676300578, 0.8670520231213873, 0.8728323699421965, 0.8786127167630058, 0.884393063583815, 0.8901734104046243, 0.8959537572254336, 0.9017341040462428, 0.9075144508670521, 0.9132947976878613, 0.9190751445086706, 0.9248554913294798, 0.930635838150289, 0.9364161849710982, 0.9421965317919075, 0.9479768786127167, 0.953757225433526, 0.9595375722543352, 0.9653179190751445, 0.9710982658959537, 0.976878612716763, 0.9826589595375722, 0.9884393063583815, 0.9942196531791907, 1.0, 1.0 ],